source_id,source_family,jurisdiction,government_level,category,priority,viz_value_rank,viz_bucket,detected_formats,asset_count,next_ingestion_action,group_score,excluded_reason
federal_pbs_index_2026_27,portfolio_budget_statements_index,Commonwealth,federal,already_served_pbs_family,P1,10,commonwealth_pbs_program_depth,html,2,build_adapter,,served_by_pbs_programs_all_family_adapter
federal_dss_pbs_2026_27,portfolio_budget_statements,Commonwealth,federal,already_served_pbs_family,P1,10,commonwealth_pbs_program_depth,pdf,1,build_adapter,,served_by_pbs_programs_all_family_adapter
federal_health_disability_ageing_pbs_2026_27,portfolio_budget_statements,Commonwealth,federal,already_served_pbs_family,P1,10,commonwealth_pbs_program_depth,pdf,1,build_adapter,,served_by_pbs_programs_all_family_adapter
federal_ndia_pbs_2026_27,entity_budget_statement,Commonwealth,federal,already_served_pbs_family,P1,10,commonwealth_pbs_program_depth,pdf,1,build_adapter,,served_by_pbs_programs_all_family_adapter
federal_dva_pbs_2026_27,portfolio_budget_statements,Commonwealth,federal,already_served_pbs_family,P1,10,commonwealth_pbs_program_depth,pdf,1,build_adapter,,served_by_pbs_programs_all_family_adapter
federal_defence_pbs_2026_27,portfolio_budget_statements,Commonwealth,federal,already_served_pbs_family,P2,10,commonwealth_pbs_program_depth,pdf,1,build_adapter,,served_by_pbs_programs_all_family_adapter
federal_education_pbs_2026_27,portfolio_budget_statements,Commonwealth,federal,already_served_pbs_family,P2,10,commonwealth_pbs_program_depth,pdf,1,build_adapter,,served_by_pbs_programs_all_family_adapter
federal_pbs_2026_27_defence,handoff_actuals_federal,Commonwealth,federal,already_served_pbs_family,P0,10,commonwealth_pbs_program_depth,pdf,1,build_adapter,,served_by_pbs_programs_all_family_adapter
federal_pbs_2026_27_education,handoff_actuals_federal,Commonwealth,federal,already_served_pbs_family,P0,10,commonwealth_pbs_program_depth,pdf,1,build_adapter,,served_by_pbs_programs_all_family_adapter
federal_pbs_2026_27_industry_science_resources,handoff_actuals_federal,Commonwealth,federal,already_served_pbs_family,P0,10,commonwealth_pbs_program_depth,pdf,1,build_adapter,,served_by_pbs_programs_all_family_adapter
federal_pbs_2026_27_infrastructure_transport_regions,handoff_actuals_federal,Commonwealth,federal,already_served_pbs_family,P0,10,commonwealth_pbs_program_depth,pdf,1,build_adapter,,served_by_pbs_programs_all_family_adapter
federal_pbs_2024_25_agriculture_fisheries_and_forestry,handoff_actuals_federal,Commonwealth,federal,already_served_pbs_family,P1,10,commonwealth_pbs_program_depth,pdf,1,build_adapter,,served_by_pbs_programs_all_family_adapter
federal_pbs_2024_25_attorney_general_s_portfolio,handoff_actuals_federal,Commonwealth,federal,already_served_pbs_family,P1,10,commonwealth_pbs_program_depth,pdf,1,build_adapter,,served_by_pbs_programs_all_family_adapter
federal_pbs_2024_25_climate_change_energy_the_environment_and_water,handoff_actuals_federal,Commonwealth,federal,already_served_pbs_family,P1,10,commonwealth_pbs_program_depth,pdf,1,build_adapter,,served_by_pbs_programs_all_family_adapter
federal_pbs_2024_25_defence_portfolio,handoff_actuals_federal,Commonwealth,federal,already_served_pbs_family,P1,10,commonwealth_pbs_program_depth,pdf,1,build_adapter,,served_by_pbs_programs_all_family_adapter
federal_pbs_2024_25_department_of_parliamentary_services,handoff_actuals_federal,Commonwealth,federal,already_served_pbs_family,P1,10,commonwealth_pbs_program_depth,pdf,1,build_adapter,,served_by_pbs_programs_all_family_adapter
federal_pbs_2024_25_department_of_the_house_of_representatives,handoff_actuals_federal,Commonwealth,federal,already_served_pbs_family,P1,10,commonwealth_pbs_program_depth,pdf,1,build_adapter,,served_by_pbs_programs_all_family_adapter
federal_pbs_2024_25_department_of_the_senate_pbs,handoff_actuals_federal,Commonwealth,federal,already_served_pbs_family,P1,10,commonwealth_pbs_program_depth,pdf,1,build_adapter,,served_by_pbs_programs_all_family_adapter
federal_pbs_2024_25_education_portfolio,handoff_actuals_federal,Commonwealth,federal,already_served_pbs_family,P1,10,commonwealth_pbs_program_depth,pdf,1,build_adapter,,served_by_pbs_programs_all_family_adapter
federal_pbs_2024_25_employment_and_workplace_relations,handoff_actuals_federal,Commonwealth,federal,already_served_pbs_family,P1,10,commonwealth_pbs_program_depth,pdf,1,build_adapter,,served_by_pbs_programs_all_family_adapter
federal_pbs_2024_25_finance_portfolio,handoff_actuals_federal,Commonwealth,federal,already_served_pbs_family,P1,10,commonwealth_pbs_program_depth,pdf,1,build_adapter,,served_by_pbs_programs_all_family_adapter
federal_pbs_2024_25_foreign_affairs_and_trade,handoff_actuals_federal,Commonwealth,federal,already_served_pbs_family,P1,10,commonwealth_pbs_program_depth,pdf,1,build_adapter,,served_by_pbs_programs_all_family_adapter
federal_pbs_2024_25_health_disability_and_ageing,handoff_actuals_federal,Commonwealth,federal,already_served_pbs_family,P1,10,commonwealth_pbs_program_depth,pdf,1,build_adapter,,served_by_pbs_programs_all_family_adapter
federal_pbs_2024_25_home_affairs_portfolio,handoff_actuals_federal,Commonwealth,federal,already_served_pbs_family,P1,10,commonwealth_pbs_program_depth,pdf,1,build_adapter,,served_by_pbs_programs_all_family_adapter
federal_pbs_2024_25_industry_science_and_resources,handoff_actuals_federal,Commonwealth,federal,already_served_pbs_family,P1,10,commonwealth_pbs_program_depth,pdf,1,build_adapter,,served_by_pbs_programs_all_family_adapter
federal_pbs_2024_25_infrastructure_transport_regional_development_communications_sport_and_the_arts,handoff_actuals_federal,Commonwealth,federal,already_served_pbs_family,P1,10,commonwealth_pbs_program_depth,pdf,1,build_adapter,,served_by_pbs_programs_all_family_adapter
federal_pbs_2024_25_parliamentary_budget_office,handoff_actuals_federal,Commonwealth,federal,already_served_pbs_family,P1,10,commonwealth_pbs_program_depth,pdf,1,build_adapter,,served_by_pbs_programs_all_family_adapter
federal_pbs_2024_25_prime_minister_and_cabinet,handoff_actuals_federal,Commonwealth,federal,already_served_pbs_family,P1,10,commonwealth_pbs_program_depth,pdf,1,build_adapter,,served_by_pbs_programs_all_family_adapter
federal_pbs_2024_25_social_services_portfolio,handoff_actuals_federal,Commonwealth,federal,already_served_pbs_family,P1,10,commonwealth_pbs_program_depth,pdf,1,build_adapter,,served_by_pbs_programs_all_family_adapter
federal_pbs_2024_25_treasury_portfolio,handoff_actuals_federal,Commonwealth,federal,already_served_pbs_family,P1,10,commonwealth_pbs_program_depth,pdf,1,build_adapter,,served_by_pbs_programs_all_family_adapter
federal_pbs_2024_25_veterans_affairs,handoff_actuals_federal,Commonwealth,federal,already_served_pbs_family,P1,10,commonwealth_pbs_program_depth,pdf,1,build_adapter,,served_by_pbs_programs_all_family_adapter
federal_pbs_2025_26_agriculture_fisheries_and_forestry,handoff_actuals_federal,Commonwealth,federal,already_served_pbs_family,P1,10,commonwealth_pbs_program_depth,pdf,1,build_adapter,,served_by_pbs_programs_all_family_adapter
federal_pbs_2025_26_attorney_general_s_portfolio,handoff_actuals_federal,Commonwealth,federal,already_served_pbs_family,P1,10,commonwealth_pbs_program_depth,pdf,1,build_adapter,,served_by_pbs_programs_all_family_adapter
federal_pbs_2025_26_climate_change_energy_the_environment_and_water,handoff_actuals_federal,Commonwealth,federal,already_served_pbs_family,P1,10,commonwealth_pbs_program_depth,pdf,1,build_adapter,,served_by_pbs_programs_all_family_adapter
federal_pbs_2025_26_defence_portfolio,handoff_actuals_federal,Commonwealth,federal,already_served_pbs_family,P1,10,commonwealth_pbs_program_depth,pdf,1,build_adapter,,served_by_pbs_programs_all_family_adapter
federal_pbs_2025_26_department_of_parliamentary_services,handoff_actuals_federal,Commonwealth,federal,already_served_pbs_family,P1,10,commonwealth_pbs_program_depth,pdf,1,build_adapter,,served_by_pbs_programs_all_family_adapter
federal_pbs_2025_26_department_of_the_house_of_representatives,handoff_actuals_federal,Commonwealth,federal,already_served_pbs_family,P1,10,commonwealth_pbs_program_depth,pdf,1,build_adapter,,served_by_pbs_programs_all_family_adapter
federal_pbs_2025_26_department_of_the_senate_pbs,handoff_actuals_federal,Commonwealth,federal,already_served_pbs_family,P1,10,commonwealth_pbs_program_depth,pdf,1,build_adapter,,served_by_pbs_programs_all_family_adapter
federal_pbs_2025_26_education_portfolio,handoff_actuals_federal,Commonwealth,federal,already_served_pbs_family,P1,10,commonwealth_pbs_program_depth,pdf,1,build_adapter,,served_by_pbs_programs_all_family_adapter
federal_pbs_2025_26_employment_and_workplace_relations,handoff_actuals_federal,Commonwealth,federal,already_served_pbs_family,P1,10,commonwealth_pbs_program_depth,pdf,1,build_adapter,,served_by_pbs_programs_all_family_adapter
federal_pbs_2025_26_finance_portfolio,handoff_actuals_federal,Commonwealth,federal,already_served_pbs_family,P1,10,commonwealth_pbs_program_depth,pdf,1,build_adapter,,served_by_pbs_programs_all_family_adapter
federal_pbs_2025_26_foreign_affairs_and_trade,handoff_actuals_federal,Commonwealth,federal,already_served_pbs_family,P1,10,commonwealth_pbs_program_depth,pdf,1,build_adapter,,served_by_pbs_programs_all_family_adapter
federal_pbs_2025_26_health_disability_and_ageing,handoff_actuals_federal,Commonwealth,federal,already_served_pbs_family,P1,10,commonwealth_pbs_program_depth,pdf,1,build_adapter,,served_by_pbs_programs_all_family_adapter
federal_pbs_2025_26_home_affairs_portfolio,handoff_actuals_federal,Commonwealth,federal,already_served_pbs_family,P1,10,commonwealth_pbs_program_depth,pdf,1,build_adapter,,served_by_pbs_programs_all_family_adapter
federal_pbs_2025_26_industry_science_and_resources,handoff_actuals_federal,Commonwealth,federal,already_served_pbs_family,P1,10,commonwealth_pbs_program_depth,pdf,1,build_adapter,,served_by_pbs_programs_all_family_adapter
federal_pbs_2025_26_infrastructure_transport_regional_development_communications_sport_and_the_arts,handoff_actuals_federal,Commonwealth,federal,already_served_pbs_family,P1,10,commonwealth_pbs_program_depth,pdf,1,build_adapter,,served_by_pbs_programs_all_family_adapter
federal_pbs_2025_26_parliamentary_budget_office,handoff_actuals_federal,Commonwealth,federal,already_served_pbs_family,P1,10,commonwealth_pbs_program_depth,pdf,1,build_adapter,,served_by_pbs_programs_all_family_adapter
federal_pbs_2025_26_prime_minister_and_cabinet,handoff_actuals_federal,Commonwealth,federal,already_served_pbs_family,P1,10,commonwealth_pbs_program_depth,pdf,1,build_adapter,,served_by_pbs_programs_all_family_adapter
federal_pbs_2025_26_treasury_portfolio,handoff_actuals_federal,Commonwealth,federal,already_served_pbs_family,P1,10,commonwealth_pbs_program_depth,pdf,1,build_adapter,,served_by_pbs_programs_all_family_adapter
federal_pbs_2025_26_veterans_affairs,handoff_actuals_federal,Commonwealth,federal,already_served_pbs_family,P1,10,commonwealth_pbs_program_depth,pdf,1,build_adapter,,served_by_pbs_programs_all_family_adapter
federal_pbs_2026_27_agriculture,handoff_actuals_federal,Commonwealth,federal,already_served_pbs_family,P1,10,commonwealth_pbs_program_depth,pdf,1,build_adapter,,served_by_pbs_programs_all_family_adapter
federal_pbs_2026_27_attorney_general,handoff_actuals_federal,Commonwealth,federal,already_served_pbs_family,P1,10,commonwealth_pbs_program_depth,pdf,1,build_adapter,,served_by_pbs_programs_all_family_adapter
federal_pbs_2026_27_climate_energy_environment_water,handoff_actuals_federal,Commonwealth,federal,already_served_pbs_family,P1,10,commonwealth_pbs_program_depth,pdf,1,build_adapter,,served_by_pbs_programs_all_family_adapter
federal_pbs_2026_27_employment_workplace,handoff_actuals_federal,Commonwealth,federal,already_served_pbs_family,P1,10,commonwealth_pbs_program_depth,pdf,1,build_adapter,,served_by_pbs_programs_all_family_adapter
federal_pbs_2026_27_finance,handoff_actuals_federal,Commonwealth,federal,already_served_pbs_family,P1,10,commonwealth_pbs_program_depth,pdf,1,build_adapter,,served_by_pbs_programs_all_family_adapter
federal_pbs_2026_27_foreign_affairs_trade,handoff_actuals_federal,Commonwealth,federal,already_served_pbs_family,P1,10,commonwealth_pbs_program_depth,pdf,1,build_adapter,,served_by_pbs_programs_all_family_adapter
federal_pbs_2026_27_home_affairs,handoff_actuals_federal,Commonwealth,federal,already_served_pbs_family,P1,10,commonwealth_pbs_program_depth,pdf,1,build_adapter,,served_by_pbs_programs_all_family_adapter
federal_pbs_2026_27_house_representatives,handoff_actuals_federal,Commonwealth,federal,already_served_pbs_family,P1,10,commonwealth_pbs_program_depth,pdf,1,build_adapter,,served_by_pbs_programs_all_family_adapter
federal_pbs_2026_27_parliamentary_budget_office,handoff_actuals_federal,Commonwealth,federal,already_served_pbs_family,P1,10,commonwealth_pbs_program_depth,pdf,1,build_adapter,,served_by_pbs_programs_all_family_adapter
federal_pbs_2026_27_parliamentary_services,handoff_actuals_federal,Commonwealth,federal,already_served_pbs_family,P1,10,commonwealth_pbs_program_depth,pdf,1,build_adapter,,served_by_pbs_programs_all_family_adapter
federal_pbs_2026_27_pmc,handoff_actuals_federal,Commonwealth,federal,already_served_pbs_family,P1,10,commonwealth_pbs_program_depth,pdf,1,build_adapter,,served_by_pbs_programs_all_family_adapter
federal_pbs_2026_27_senate,handoff_actuals_federal,Commonwealth,federal,already_served_pbs_family,P1,10,commonwealth_pbs_program_depth,pdf,1,build_adapter,,served_by_pbs_programs_all_family_adapter
federal_pbs_2026_27_treasury,handoff_actuals_federal,Commonwealth,federal,already_served_pbs_family,P1,10,commonwealth_pbs_program_depth,pdf,1,build_adapter,,served_by_pbs_programs_all_family_adapter
federal_pbs_2026_27_health_disability_ageing,handoff_actuals_federal,Commonwealth,federal,already_served_pbs_family,P1,10,commonwealth_pbs_program_depth,pdf,1,build_adapter,,served_by_pbs_programs_all_family_adapter
federal_pbs_2026_27_ndia,handoff_actuals_federal,Commonwealth,federal,already_served_pbs_family,P1,10,commonwealth_pbs_program_depth,pdf,1,build_adapter,,served_by_pbs_programs_all_family_adapter
federal_pbs_2026_27_social_services,handoff_actuals_federal,Commonwealth,federal,already_served_pbs_family,P1,10,commonwealth_pbs_program_depth,pdf,1,build_adapter,,served_by_pbs_programs_all_family_adapter
federal_pbs_2026_27_veterans_affairs,handoff_actuals_federal,Commonwealth,federal,already_served_pbs_family,P1,10,commonwealth_pbs_program_depth,pdf,1,build_adapter,,served_by_pbs_programs_all_family_adapter
federal_bp1_nominal_gdp_2026_27,handoff_gdp_tax_federal,Commonwealth,federal,contextual_other,P1,90,other,xlsx,1,build_adapter,177.0,
federal_bp1_statement4_revenue_2025_26,handoff_gdp_tax_federal,Commonwealth,federal,contextual_other,P1,90,other,pdf,1,build_adapter,177.0,
federal_bp1_statement5_revenue_2024_25,handoff_gdp_tax_federal,Commonwealth,federal,contextual_other,P1,90,other,pdf,1,build_adapter,177.0,
federal_bp1_statement5_revenue_2026_27,handoff_gdp_tax_federal,Commonwealth,federal,contextual_other,P1,90,other,pdf,1,build_adapter,177.0,
federal_revenue_machine_companions_2024_25,handoff_gdp_tax_federal,Commonwealth,federal,contextual_other,P1,90,other,csv,4,build_adapter,177.0,
federal_revenue_machine_companions_2025_26,handoff_gdp_tax_federal,Commonwealth,federal,contextual_other,P1,90,other,csv,4,build_adapter,177.0,
federal_revenue_machine_companions_2026_27,handoff_gdp_tax_federal,Commonwealth,federal,contextual_other,P1,90,other,csv,4,build_adapter,177.0,
vic_annual_financial_statements_2024_25,handoff_actuals_state,VIC,state,historical_actuals,P0,90,other,xlsx,1,build_adapter,176.0,
vic_budget_portfolio_outcomes_2024_25,handoff_actuals_state,VIC,state,historical_actuals,P0,90,other,xlsx,1,build_adapter,176.0,
vic_output_performance_measures_2024_25,handoff_actuals_state,VIC,state,historical_actuals,P0,90,other,xlsx,1,build_adapter,176.0,
vic_department_performance_statement_2026_27,handoff_actuals_state,VIC,state,historical_actuals,P1,90,other,pdf,1,build_adapter,176.0,
vic_service_delivery_2026_27,handoff_actuals_state,VIC,state,historical_actuals,P1,90,other,pdf,1,build_adapter,176.0,
vic_statement_finances_2026_27,handoff_actuals_state,VIC,state,historical_actuals,P1,90,other,pdf,1,build_adapter,176.0,
abs_gfs_all_workbooks_2024_25,handoff_actuals_cross_level,Australia,cross_level,historical_actuals,P0,90,other,zip,1,build_adapter,175.0,
abs_gfs_all_levels_sector_2024_25,handoff_actuals_cross_level,Australia,cross_level,historical_actuals,P1,90,other,xlsx,1,build_adapter,175.0,
abs_gfs_australia_all_levels_2024_25,handoff_actuals_cross_level,Australia,cross_level,historical_actuals,P1,90,other,xlsx,1,build_adapter,175.0,
abs_gfs_control_nfd_2024_25,handoff_actuals_cross_level,Australia,cross_level,historical_actuals,P1,90,other,xlsx,1,build_adapter,175.0,
abs_gfs_key_tables_2024_25,handoff_actuals_cross_level,Australia,cross_level,historical_actuals,P1,90,other,xlsx,1,build_adapter,175.0,
nsw_bp4_agency_financial_statements_2026_27,handoff_actuals_state,NSW,state,historical_actuals,P1,90,other,pdf,1,build_adapter,174.0,
nsw_economic_data_2026_27,handoff_actuals_state,NSW,state,historical_actuals,P1,90,other,xlsx,1,build_adapter,174.0,
nsw_historical_fiscal_indicators_2026_27,handoff_actuals_state,NSW,state,historical_actuals,P1,90,other,xlsx,1,build_adapter,174.0,
nsw_report_on_state_finances_actuals,handoff_actuals_state,NSW,state,historical_actuals,P1,90,other,pdf,24,build_adapter,174.0,
qld_budget_strategy_outlook_2026_27,handoff_actuals_state,QLD,state,historical_actuals,P1,90,other,pdf,1,build_adapter,172.0,
qld_report_on_state_finances_actuals,handoff_actuals_state,QLD,state,historical_actuals,P1,90,other,pdf;xlsx,188,build_adapter,172.0,
nsw_budget_open_data_2026_27,state_budget_open_data,NSW,state,contextual_other,P2,90,other,pdf;xlsx,16,build_adapter,171.0,
nsw_buy_register,procurement_contracts,NSW,state,contextual_other,P4,90,other,csv,2,build_adapter,171.0,
vic_dtf_annual_report_bpo,entity_actuals,VIC,state,historical_actuals,P2,90,other,pdf;xlsx,7,build_adapter,171.0,
wa_budget_2026_27,state_budget,WA,state,contextual_other,P2,90,other,pdf;xlsx,106,build_adapter,171.0,
wa_annual_report_state_finances_2024_25,state_actuals,WA,state,historical_actuals,P2,90,other,pdf;xls;xlsx,99,build_adapter,171.0,
tas_budget_2026_27,state_budget,TAS,state,contextual_other,P2,90,other,docx;pdf;xlsx,40,build_adapter,171.0,
act_budget_2026_27,territory_budget,ACT,territory,contextual_other,P2,90,other,pdf;xlsx,23,build_adapter,171.0,
qld_on_time_payment_reports,payment_timing_disclosure,QLD,state,contextual_other,P2,90,other,csv,42,build_adapter,171.0,
tas_treasurer_annual_financial_reports,handoff_actuals_state,TAS,state,historical_actuals,P0,90,other,pdf;xlsx,90,build_adapter,171.0,
abs_gfs_total_state_2024_25,handoff_actuals_cross_level,States and territories,cross_level,historical_actuals,P1,90,other,xlsx,1,build_adapter,171.0,
abs_consumer_price_index,handoff_reference_cross_level,Australia,cross_level,contextual_other,P2,90,other,zip,1,build_adapter,163.0,
abs_population_national_state_territory,handoff_reference_cross_level,Australia,cross_level,contextual_other,P2,90,other,zip,1,build_adapter,163.0,
abs_regional_population,handoff_reference_cross_level,Australia,cross_level,contextual_other,P2,90,other,zip,1,build_adapter,163.0,
abs_gfs_annual_all_workbooks,gfs_actuals,Australia,cross_level,historical_actuals,P1,90,other,zip,1,build_adapter,161.0,
nsw_budget_2026_27,state_budget,NSW,state,contextual_other,P2,90,other,docx;pdf,13,build_adapter,161.0,
federal_bp1_statement5_expenses_2025_26,handoff_actuals_federal,Commonwealth,federal,historical_actuals,P1,90,other,pdf,1,build_adapter,159.0,
federal_bp1_statement6_expenses_2024_25,handoff_actuals_federal,Commonwealth,federal,historical_actuals,P1,90,other,pdf,1,build_adapter,159.0,
federal_bp1_statement6_expenses_2026_27,handoff_actuals_federal,Commonwealth,federal,historical_actuals,P1,90,other,pdf,1,build_adapter,159.0,
dss_income_support_monthly_related_view,handoff_actuals_federal,Commonwealth,federal,historical_actuals,P2,70,grants_contracts_payments,xlsx,1,build_adapter,159.0,
dss_jobseeker_monthly_profile_related_view,handoff_actuals_federal,Commonwealth,federal,historical_actuals,P2,70,grants_contracts_payments,xlsx,82,build_adapter,159.0,
act_statement_a_2026_27,handoff_actuals_local,ACT,local,historical_actuals,P1,90,other,pdf,1,build_adapter,159.0,
act_statement_b_2026_27,handoff_actuals_local,ACT,local,historical_actuals,P1,90,other,pdf,1,build_adapter,159.0,
act_statement_c_2026_27,handoff_actuals_local,ACT,local,historical_actuals,P1,90,other,pdf,1,build_adapter,159.0,
act_statement_d_2026_27,handoff_actuals_local,ACT,local,historical_actuals,P1,90,other,pdf,1,build_adapter,159.0,
act_statement_e_2026_27,handoff_actuals_local,ACT,local,historical_actuals,P1,90,other,pdf,1,build_adapter,159.0,
act_statement_f_2026_27,handoff_actuals_local,ACT,local,historical_actuals,P1,90,other,pdf,1,build_adapter,159.0,
act_statement_g_2026_27,handoff_actuals_local,ACT,local,historical_actuals,P1,90,other,pdf,1,build_adapter,159.0,
act_statement_h_2026_27,handoff_actuals_local,ACT,local,historical_actuals,P1,90,other,pdf,1,build_adapter,159.0,
act_summary_outputs_2026_27,handoff_actuals_local,ACT,local,historical_actuals,P1,90,other,pdf,1,build_adapter,159.0,
federal_bp1_statement10_history_2025_26,handoff_debt_federal,Commonwealth,federal,contextual_other,P1,90,other,pdf,1,build_adapter,156.0,
federal_bp1_statement6_debt_2025_26,handoff_debt_federal,Commonwealth,federal,contextual_other,P1,90,other,pdf,1,build_adapter,156.0,
federal_bp1_statement7_debt_2024_25,handoff_debt_federal,Commonwealth,federal,contextual_other,P1,90,other,pdf,1,build_adapter,156.0,
federal_bp1_statement7_debt_2026_27,handoff_debt_federal,Commonwealth,federal,contextual_other,P1,90,other,pdf,1,build_adapter,156.0,
federal_bp1_statement11_history_2024_25,handoff_debt_federal,Commonwealth,federal,contextual_other,P1,90,other,pdf,1,build_adapter,156.0,
federal_bp1_statement11_history_2026_27,handoff_debt_federal,Commonwealth,federal,contextual_other,P1,90,other,pdf,1,build_adapter,156.0,
federal_transparency_portal,entity_annual_reports,Commonwealth,federal,contextual_other,P2,90,other,pdf,16,build_adapter,152.0,
services_australia_annual_reports,entity_annual_reports,Commonwealth,federal,contextual_other,P2,90,other,pdf,6,build_adapter,152.0,
federal_historical_cn_data_1999_2020,procurement_contracts,Commonwealth,federal,contextual_other,P3,90,other,csv;xlsx;zip,15,build_adapter,152.0,
federal_austender_ocds_api,procurement_contracts,Commonwealth,federal,contextual_other,P2,70,grants_contracts_payments,csv;pdf;xlsx;zip,18,build_adapter,152.0,
nt_tafr_2024_25,handoff_actuals_territory,NT,territory,historical_actuals,P0,90,other,pdf,1,build_adapter,152.0,
nt_budget_speech_appropriation_2026_27,handoff_actuals_territory,NT,territory,historical_actuals,P1,90,other,pdf,1,build_adapter,152.0,
sa_budget_measures_2026_27,handoff_actuals_state,SA,state,historical_actuals,P1,90,other,pdf,1,build_adapter,152.0,
sa_budget_statement_2026_27,handoff_actuals_state,SA,state,historical_actuals,P1,90,other,pdf,1,build_adapter,152.0,
federal_budget_measures_bp2_2026_27,budget_measures,Commonwealth,federal,contextual_other,P2,90,other,pdf,1,build_adapter,151.0,
federal_financial_relations_bp3_2026_27,intergovernmental_transfers,Commonwealth and states,cross_level,contextual_other,P1,90,other,pdf,1,build_adapter,151.0,
federal_agency_resourcing_bp4_2026_27,agency_resourcing,Commonwealth,federal,contextual_other,P1,90,other,pdf,1,build_adapter,151.0,
nsw_report_on_state_finances,state_actuals,NSW,state,historical_actuals,P2,90,other,pdf,24,build_adapter,151.0,
vic_budget_2026_27,state_budget,VIC,state,contextual_other,P2,90,other,pdf,8,build_adapter,151.0,
vic_financial_report_2024_25,state_actuals,VIC,state,historical_actuals,P2,90,other,pdf,1,build_adapter,151.0,
qld_budget_2026_27,state_budget,QLD,state,contextual_other,P2,90,other,pdf,50,build_adapter,151.0,
qld_report_on_state_finances,state_actuals,QLD,state,historical_actuals,P2,90,other,pdf,187,build_adapter,151.0,
sa_budget_2026_27,state_budget,SA,state,contextual_other,P2,90,other,pdf,8,build_adapter,151.0,
tas_treasurers_annual_financial_reports,state_actuals,TAS,state,historical_actuals,P2,90,other,pdf,89,build_adapter,151.0,
tas_procurement,procurement_contracts,TAS,state,contextual_other,P4,90,other,pdf,18,build_adapter,151.0,
act_actual_financial_publications,territory_actuals,ACT,territory,historical_actuals,P2,90,other,pdf,1,build_adapter,151.0,
nt_budget_2026_27,territory_budget,NT,territory,contextual_other,P2,90,other,pdf,1,build_adapter,151.0,
nt_treasury_annual_reports,territory_actuals,NT,territory,historical_actuals,P2,90,other,pdf,45,build_adapter,151.0,
act_issued_notes_may_2026,handoff_debt_state,ACT,state,contextual_other,P0,90,other,pdf,1,build_adapter,151.0,
wa_agency_works_program_2026_27,handoff_actuals_state,WA,state,historical_actuals,P1,90,other,pdf,1,build_adapter,151.0,
dss_income_support_monthly,recipient_statistics,Commonwealth,federal,contextual_other,P2,70,grants_contracts_payments,xlsx,1,build_adapter,134.0,
dss_payment_demographics_quarterly,recipient_statistics,Commonwealth,federal,contextual_other,P2,70,grants_contracts_payments,csv;xlsx,21,build_adapter,134.0,
dss_payments_by_lga,recipient_statistics,Commonwealth,federal,contextual_other,P2,70,grants_contracts_payments,csv,5,build_adapter,134.0,
dss_jobseeker_monthly_profile,recipient_statistics,Commonwealth,federal,contextual_other,P2,70,grants_contracts_payments,xlsx,81,build_adapter,134.0,
federal_grantconnect,grant_awards,Commonwealth,federal,contextual_other,P2,70,grants_contracts_payments,xlsx,13,build_adapter,131.0,
ndis_payment_datasets,payment_aggregates,Commonwealth,federal,contextual_other,P2,70,grants_contracts_payments,csv;docx;pdf;xls;xlsx;zip,233,build_adapter,131.0,
ndis_participant_datasets,participant_statistics,Commonwealth,federal,contextual_other,P2,70,grants_contracts_payments,csv;docx;pdf;xls;xlsx;zip,233,build_adapter,131.0,
ndis_quarterly_reports,program_actuals,Commonwealth,federal,historical_actuals,P2,70,grants_contracts_payments,docx;pdf;xls;xlsx,379,build_adapter,131.0,
ndis_financial_sustainability_reports,program_forecast,Commonwealth,federal,contextual_other,P2,70,grants_contracts_payments,docx;pdf;xls;xlsx,368,build_adapter,131.0,
federal_mfs_monthly_profiles,handoff_actuals_federal,Commonwealth,federal,commonwealth_mfs,P1,60,monthly_financial_statements_slice,xlsx,1,build_adapter,112.0,
federal_mfs_note3_function,handoff_actuals_federal,Commonwealth,federal,commonwealth_mfs,P1,60,monthly_financial_statements_slice,xlsx,1,build_adapter,112.0,
federal_mfs_aggregates,handoff_debt_federal,Commonwealth,federal,commonwealth_mfs,P1,60,monthly_financial_statements_slice,xlsx,1,build_adapter,112.0,
federal_mfs_balance_sheet,handoff_debt_federal,Commonwealth,federal,commonwealth_mfs,P1,60,monthly_financial_statements_slice,xlsx,1,build_adapter,112.0,
federal_mfs_operating_statement,handoff_gdp_tax_federal,Commonwealth,federal,commonwealth_mfs,P1,60,monthly_financial_statements_slice,xlsx,1,build_adapter,112.0,
federal_mfs_tax_notes_1_2,handoff_gdp_tax_federal,Commonwealth,federal,commonwealth_mfs,P1,60,monthly_financial_statements_slice,xlsx,1,build_adapter,112.0,
vic_local_vgc1_revenue_expenditure_2024_25,handoff_local_local,VIC,local,local_structured,P0,50,local_government,xlsx,1,build_adapter,97.0,
vic_local_abs1_capital_2024_25,handoff_local_local,VIC,local,local_structured,P1,50,local_government,xlsx,1,build_adapter,97.0,
vic_local_alg1_roads_2024_25,handoff_local_local,VIC,local,local_structured,P1,50,local_government,xlsx,1,build_adapter,97.0,
vic_local_lgv1_employment_2024_25,handoff_local_local,VIC,local,local_structured,P1,50,local_government,xlsx,1,build_adapter,97.0,
vic_local_questionnaire_master_2024_25,handoff_local_local,VIC,local,local_structured,P1,50,local_government,xlsx,1,build_adapter,97.0,
vic_local_vgc2_valuations_rates_2024_25,handoff_local_local,VIC,local,local_structured,P1,50,local_government,xlsx,1,build_adapter,97.0,
vic_local_vgc3_roads_2024_25,handoff_local_local,VIC,local,local_structured,P1,50,local_government,xlsx,1,build_adapter,97.0,
nsw_local_time_series_2024_25,handoff_local_local,NSW,local,local_structured,P0,50,local_government,xlsx,1,build_adapter,92.0,
nsw_local_time_series_historical_1994_2015,handoff_local_local,NSW,local,local_structured,P1,50,local_government,xls,1,build_adapter,92.0,
wa_lggc_balance_budget_2024_25,handoff_local_local,WA,local,local_structured,P1,50,local_government,xlsx,1,build_adapter,92.0,
wa_lggc_grant_schedules_2025_26,handoff_local_local,WA,local,local_structured,P1,50,local_government,xlsx,1,build_adapter,92.0,
vic_local_budget_and_reporting_models,local_budget,VIC,local,local_structured,P3,50,local_government,pdf;xlsx,10,build_adapter,91.0,
abs_gfs_total_local_2024_25,handoff_actuals_local,Australia,local,local_structured,P1,50,local_government,xlsx,1,build_adapter,91.0,
ato_corporate_tax_transparency_2023_24,handoff_gdp_tax_federal,Australia,federal,contextual_other,P2,90,other,xlsx,1,build_adapter,79.2,
ato_gst_statistics_2022_23,handoff_gdp_tax_federal,Australia,federal,contextual_other,P2,90,other,xlsx,1,build_adapter,79.2,
ato_taxation_statistics_index_2022_23,handoff_gdp_tax_federal,Australia,federal,contextual_other,P2,90,other,xlsx,1,build_adapter,79.2,
abs_asna_all_workbooks_2024_25,handoff_gdp_tax_federal,Australia,federal,contextual_other,P0,20,gdp_gva_gsp,zip,1,build_adapter,79.2,
abs_asna_income_gdp_2024_25,handoff_gdp_tax_federal,Australia,federal,contextual_other,P0,20,gdp_gva_gsp,xlsx,1,build_adapter,79.2,
abs_qna_all_workbooks_mar_2026,handoff_gdp_tax_federal,Australia,federal,contextual_other,P0,20,gdp_gva_gsp,zip,1,build_adapter,79.2,
abs_qna_expenditure_current_price_mar_2026,handoff_gdp_tax_federal,Australia,federal,contextual_other,P0,20,gdp_gva_gsp,xlsx,1,build_adapter,79.2,
abs_qna_expenditure_volume_mar_2026,handoff_gdp_tax_federal,Australia,federal,contextual_other,P0,20,gdp_gva_gsp,xlsx,1,build_adapter,79.2,
abs_qna_industry_gva_annual_mar_2026,handoff_gdp_tax_federal,Australia,federal,contextual_other,P0,20,gdp_gva_gsp,xlsx,1,build_adapter,79.2,
abs_qna_industry_gva_current_price_mar_2026,handoff_gdp_tax_federal,Australia,federal,contextual_other,P0,20,gdp_gva_gsp,xlsx,1,build_adapter,79.2,
abs_qna_industry_gva_mar_2026,handoff_gdp_tax_federal,Australia,federal,contextual_other,P0,20,gdp_gva_gsp,xlsx,1,build_adapter,79.2,
sa_lggc_annual_report_2024_25,handoff_local_local,SA,local,local_structured,P1,50,local_government,pdf,1,build_adapter,71.0,
tas_local_consolidated_data_collection,handoff_local_local,TAS,local,local_structured,P1,50,local_government,pdf,1,build_adapter,71.0,
qld_sds_2026_27_state_development_infrastructure_planning,handoff_actuals_state,QLD,state,state_structured,P0,40,state_budget_depth,pdf,1,build_adapter,69.0,
qld_sds_2026_27_corrective_services,handoff_actuals_state,QLD,state,state_structured,P1,40,state_budget_depth,pdf,1,build_adapter,69.0,
qld_sds_2026_27_customer_open_data_small_business,handoff_actuals_state,QLD,state,state_structured,P1,40,state_budget_depth,pdf,1,build_adapter,69.0,
qld_sds_2026_27_environment_tourism_science_innovation,handoff_actuals_state,QLD,state,state_structured,P1,40,state_budget_depth,pdf,1,build_adapter,69.0,
qld_sds_2026_27_families_seniors_disability_child_safety,handoff_actuals_state,QLD,state,state_structured,P1,40,state_budget_depth,pdf,1,build_adapter,69.0,
qld_sds_2026_27_fire,handoff_actuals_state,QLD,state,state_structured,P1,40,state_budget_depth,pdf,1,build_adapter,69.0,
qld_sds_2026_27_housing_public_works,handoff_actuals_state,QLD,state,state_structured,P1,40,state_budget_depth,pdf,1,build_adapter,69.0,
qld_sds_2026_27_justice,handoff_actuals_state,QLD,state,state_structured,P1,40,state_budget_depth,pdf,1,build_adapter,69.0,
qld_sds_2026_27_legislative_assembly,handoff_actuals_state,QLD,state,state_structured,P1,40,state_budget_depth,pdf,1,build_adapter,69.0,
qld_sds_2026_27_local_government_water_volunteers,handoff_actuals_state,QLD,state,state_structured,P1,40,state_budget_depth,pdf,1,build_adapter,69.0,
qld_sds_2026_27_natural_resources_mines_manufacturing_regions,handoff_actuals_state,QLD,state,state_structured,P1,40,state_budget_depth,pdf,1,build_adapter,69.0,
qld_sds_2026_27_police_emergency_inspector,handoff_actuals_state,QLD,state,state_structured,P1,40,state_budget_depth,pdf,1,build_adapter,69.0,
qld_sds_2026_27_premier_cabinet,handoff_actuals_state,QLD,state,state_structured,P1,40,state_budget_depth,pdf,1,build_adapter,69.0,
qld_sds_2026_27_primary_industries,handoff_actuals_state,QLD,state,state_structured,P1,40,state_budget_depth,pdf,1,build_adapter,69.0,
qld_sds_2026_27_sport_racing_games,handoff_actuals_state,QLD,state,state_structured,P1,40,state_budget_depth,pdf,1,build_adapter,69.0,
qld_sds_2026_27_trade_employment_training,handoff_actuals_state,QLD,state,state_structured,P1,40,state_budget_depth,pdf,1,build_adapter,69.0,
qld_sds_2026_27_treasury,handoff_actuals_state,QLD,state,state_structured,P1,40,state_budget_depth,pdf,1,build_adapter,69.0,
qld_sds_2026_27_women_atsi_multicultural,handoff_actuals_state,QLD,state,state_structured,P1,40,state_budget_depth,pdf,1,build_adapter,69.0,
qld_sds_2026_27_youth_justice_victim_support,handoff_actuals_state,QLD,state,state_structured,P1,40,state_budget_depth,pdf,1,build_adapter,69.0,
commonwealth_superannuation_cost_reports,handoff_debt_federal,Commonwealth,federal,debt_super,P2,35,superannuation_liabilities,pdf,1,build_adapter,61.0,
aofm_foreign_holdings,handoff_debt_federal,Commonwealth,federal,debt_super,P0,30,debt_instruments,xlsx,1,build_adapter,61.0,
aofm_portfolio_aggregate_dealt,handoff_debt_federal,Commonwealth,federal,debt_super,P0,30,debt_instruments,xlsx,1,build_adapter,61.0,
aofm_portfolio_aggregate_settlement,handoff_debt_federal,Commonwealth,federal,debt_super,P0,30,debt_instruments,xlsx,1,build_adapter,61.0,
aofm_portfolio_executive_summary_dealt,handoff_debt_federal,Commonwealth,federal,debt_super,P0,30,debt_instruments,xlsx,1,build_adapter,61.0,
aofm_register_government_borrowing,handoff_debt_federal,Commonwealth,federal,debt_super,P0,30,debt_instruments,xlsx,1,build_adapter,61.0,
aofm_stock_ags_csv,handoff_debt_federal,Commonwealth,federal,debt_super,P0,30,debt_instruments,csv,1,build_adapter,61.0,
aofm_treasury_bonds_settlement,handoff_debt_federal,Commonwealth,federal,debt_super,P0,30,debt_instruments,xlsx,1,build_adapter,61.0,
aofm_treasury_indexed_bonds_settlement,handoff_debt_federal,Commonwealth,federal,debt_super,P0,30,debt_instruments,xlsx,1,build_adapter,61.0,
aofm_treasury_notes_settlement,handoff_debt_federal,Commonwealth,federal,debt_super,P0,30,debt_instruments,xlsx,1,build_adapter,61.0,
sa_agency_statements_v1_2026_27,handoff_actuals_state,SA,state,state_structured,P1,40,state_budget_depth,pdf,1,build_adapter,54.0,
sa_agency_statements_v2_2026_27,handoff_actuals_state,SA,state,state_structured,P1,40,state_budget_depth,pdf,1,build_adapter,54.0,
sa_agency_statements_v3_2026_27,handoff_actuals_state,SA,state,state_structured,P1,40,state_budget_depth,pdf,1,build_adapter,54.0,
sa_agency_statements_v4_2026_27,handoff_actuals_state,SA,state,state_structured,P1,40,state_budget_depth,pdf,1,build_adapter,54.0,
tas_budget_paper1_2026_27,handoff_actuals_state,TAS,state,state_structured,P1,40,state_budget_depth,pdf,1,build_adapter,54.0,
tas_budget_paper2_2026_27,handoff_actuals_state,TAS,state,state_structured,P1,40,state_budget_depth,pdf,1,build_adapter,54.0,
tas_budget_paper3_2026_27,handoff_actuals_state,TAS,state,state_structured,P1,40,state_budget_depth,pdf,1,build_adapter,54.0,
tas_budget_paper4_2026_27,handoff_actuals_state,TAS,state,state_structured,P1,40,state_budget_depth,pdf,1,build_adapter,54.0,
nt_budget_paper2_2026_27,handoff_actuals_territory,NT,territory,state_structured,P1,40,state_budget_depth,pdf,1,build_adapter,53.0,
nt_budget_paper3_2026_27,handoff_actuals_territory,NT,territory,state_structured,P1,40,state_budget_depth,pdf,1,build_adapter,53.0,
nt_budget_paper4_2026_27,handoff_actuals_territory,NT,territory,state_structured,P1,40,state_budget_depth,pdf,1,build_adapter,53.0,
wa_budget_paper2_v1_2026_27,handoff_actuals_state,WA,state,state_structured,P1,40,state_budget_depth,pdf,1,build_adapter,53.0,
wa_budget_paper2_v2_2026_27,handoff_actuals_state,WA,state,state_structured,P1,40,state_budget_depth,pdf,1,build_adapter,53.0,
wa_budget_paper3_2026_27,handoff_actuals_state,WA,state,state_structured,P1,40,state_budget_depth,pdf,1,build_adapter,53.0,
vic_tcv_benchmark_bond_outstandings,handoff_debt_state,VIC,state,debt_super,P0,30,debt_instruments,csv,1,build_adapter,52.0,
vic_tcv_data_feeds,handoff_debt_state,VIC,state,debt_super,P1,30,debt_instruments,xlsx,1,build_adapter,52.0,
wa_watc_annual_report_2025,handoff_debt_state,WA,state,debt_super,P1,30,debt_instruments,pdf,1,build_adapter,42.0,
wa_watc_investor_term_sheets,handoff_debt_state,WA,state,debt_super,P1,30,debt_instruments,zip,1,build_adapter,42.0,
abs_taxation_revenue_all_downloads_2024_25,handoff_gdp_tax_cross_level,Australia,cross_level,contextual_other,P0,25,tax_revenue_detail,zip,1,build_adapter,39.0,
abs_taxation_revenue_detailed_tables_2024_25,handoff_gdp_tax_cross_level,Australia,cross_level,contextual_other,P0,25,tax_revenue_detail,xlsx,1,build_adapter,39.0,
abs_state_accounts_all_2024_25,handoff_gdp_tax_cross_level,Australia,cross_level,contextual_other,P0,20,gdp_gva_gsp,zip,1,build_adapter,39.0,
abs_state_accounts_aus_2024_25,handoff_gdp_tax_cross_level,Australia,cross_level,contextual_other,P0,20,gdp_gva_gsp,xlsx,1,build_adapter,39.0,
abs_state_accounts_gsp_all_2024_25,handoff_gdp_tax_cross_level,Australia,cross_level,contextual_other,P0,20,gdp_gva_gsp,xlsx,1,build_adapter,39.0,
tas_tascorp_bond_programme,handoff_debt_state,TAS,state,debt_super,P0,30,debt_instruments,pdf,1,build_adapter,32.0,
tas_tascorp_financial_markets,handoff_debt_state,TAS,state,debt_super,P1,30,debt_instruments,pdf,1,build_adapter,32.0,
nt_nttc_annual_report_2024_25,handoff_debt_state,NT,state,debt_super,P1,30,debt_instruments,pdf,1,build_adapter,31.0,
sa_safa_funding_program_2026_27,handoff_debt_state,SA,state,debt_super,P1,30,debt_instruments,pdf,1,build_adapter,31.0,
